Number of Learning Problems, Population Size, Average Fitness, Average Specificity, Macro Classifier Proportion, Average Number of Steps to Goal
5, 44, 0.6135638708952772, 6.110853963315806, 0.43457618470784654, 81.40999999999998
10, 64, 0.6090241129232308, 6.059395925702878, 0.42717039854886824, 81.40999999999998
